text,sentiment
Melodi yang indah dan memikat memberikan perasaan bahagia dan hangat,Positif
Vokal penyanyi sangat ekspresif menghadirkan lagu dengan kegenuinan yang menggetarkan,Positif
Aransemen musik yang kreatif dan inovatif memberikan nuansa segar pada genre ini,Positif
Lirik yang dalam dan menyentuh hati memberikan pesan positif dan inspiratif,Positif
Produksi audio yang luar biasa dengan kualitas suara yang jernih dan seimbang,Positif
Ritme yang mengajak untuk bergerak cocok untuk suasana pesta atau menari,Positif
Instrumen musik dipilih dengan bijaksana memberikan kekayaan pada keseluruhan komposisi,Positif
Penyampaian emosi yang mendalam membuat pendengar merasa terhubung dengan lagu,Positif
Lagu ini sangat memikat sejak awal hingga akhir sulit untuk tidak terpikat,Positif
Mengandung pesan positif yang relevan dengan kehidupan sehari-hari,Positif
Melodi yang monoton dan kurang inovatif membuat lagu terdengar membosankan,Negatif
Vokal penyanyi terdengar datar dan kurang membawa ke dalam emosi lagu,Negatif
Aransemen musik terlalu rumit sulit untuk dinikmati oleh pendengar casual,Negatif
Lirik yang klise dan tanpa makna mendalam membuat lagu kehilangan daya tariknya,Negatif
Produksi audio yang buruk dengan kualitas suara yang tidak seimbang,Negatif
Ritme yang terlalu bervariasi sulit untuk diikuti dan menghancurkan alur lagu,Negatif
Instrumen musik tidak selaras menciptakan kekacauan dalam pendengaran,Negatif
Penyampaian emosi terdengar dipaksa kehilangan sentuhan keaslian,Negatif
Lagu ini cepat kehilangan daya tarik setelah beberapa kali didengar,Negatif
Pesannya terlalu umum tanpa memberikan wawasan baru atau perspektif,Negatif
Penyanyi sering kali kehilangan nadanya merusak keseluruhan pengalaman mendengar,Negatif
Produksi audio yang polos dan kurang kreatif membuat lagu terasa datar,Negatif
Lagu ini kekurangan dinamika membuat pendengar mudah bosan,Negatif
Lirik yang terlalu jelas dan tanpa kedalaman sehingga tidak memicu imajinasi pendengar,Negatif
Penggunaan efek suara berlebihan yang mengganggu dan merusak kualitas keseluruhan produksi,Negatif
Melodi yang menyentuh hati dan menciptakan suasana yang emosional dan menyentuh,Positif
Penyanyi mengekspresikan lirik dengan penuh perasaan dan meningkatkan kekuatan lagu,Positif
Aransemen yang sederhana tetapi efektif memberikan fokus pada esensi lagu,Positif
Lirik yang cerdas dan puitis serta menambah kedalaman pada pengalaman mendengar,Positif
Kualitas produksi yang tinggi dan  menciptakan pengalaman mendengar yang menyenangkan,Positif
Ritme yang energetik dan mengajak membuat pendengar terlibat sepanjang lagu,Positif
Penggunaan instrumen yang unik dan menarik dapat menciptakan keunikan dalam lagu,Positif
Vokal yang kuat dan berdaya serta menambah dimensi ekstra pada penampilan,Positif
Aransemen yang cerdas dan menciptakan perjalanan emosional sepanjang lagu,Positif
Lirik yang mencerahkan dan memotivas serta memberikan semangat positif,Positif
Produksi audio yang bersih dan profesional meningkatkan kualitas keseluruhan,Positif
Ritme yang mengalir dengan alami serta menciptakan kenyamanan mendengar,Positif
Instrumen musik yang harmonis menciptakan paduan yang indah,Positif
Penyanyi dengan keterampilan vokal yang luar biasa dan memberikan penampilan yang mengesankan,Positif
Lagu ini memiliki daya tarik universal dapat dinikmati oleh berbagai kalangan pendengar,Positif
Melodi yang catchy dan mudah diingat membuat lagu sulit dilupakan,Positif
Vokal yang unik dan berbeda menciptakan identitas yang kuat untuk lagu ini,Positif
Aransemen yang dinamis memberikan variasi yang menarik,Positif
Lirik yang menggugah pikiran mengundang pendengar untuk merenung,Positif
Produksi audio yang modern dan segar sesuai dengan tren musik saat ini,Positif
Ritme yang menggoda untuk bergerak menghadirkan energi positif,Positif
Instrumen musik yang dipadukan dengan cerdas menciptakan harmoni yang mengasyikkan,Positif
Penyampaian emosi yang autentik membuat pendengar merasakan kejujuran lagu,Positif
Lagu ini menciptakan suasana yang menghibur dan cocok untuk mengangkat mood,Positif
Lagu ini mengandung pesan motivasi yang dapat menginspirasi pendengar,Positif
Harmoni instrumen yang saling melengkapi serta menciptakan kekayaan suara yang memukau, Positif
Vokal yang lembut dan penuh emosi menambah keindahan pada keseluruhan komposisi,Positif
Aransemen musik yang mengalir secara alami memberikan pengalaman mendengar yang menyenangkan,Positif
Lirik yang puitis dan mengandung misteri menarik pendengar untuk memikirkannya lebih dalam,Positif
Produksi audio yang menghadirkan kedalaman menciptakan dimensi baru dalam lagu,Positif
Ritme yang unik dan tak terduga memberikan kejutan yang menyegarkan,Positif
Instrumen musik yang menonjol dan berani tidak menciptakan karakteristik unik dalam lagu,Negatif
Penyampaian emosi yang tidak konsisten membuat lagu terasa tidak teratur dan sulit terhubung dengan pendengar,Negatif
Lagu ini membangkitkan perasaan nostalgia tanpa terdengar kuno sukses menggabungkan masa lalu dan sekarang,Positif
Menggabungkan unsur-unsur tradisional dengan sentuhan modern menciptakan sesuatu yang segar dan berbeda,Positif
Melodi yang sulit dilupakan membuat lagu ini menjadi earworm yang menyenangkan,Positif
Vokal yang kuat dan memukau memberikan kekuatan ekstra pada lagu ini,Positif
Aransemen yang sederhana namun efektif memberikan fokus pada inti lagu,Positif
Lirik yang menginspirasi dan mendorong untuk bertindak memberikan dorongan positif,Positif
Produksi audio yang menggabungkan unsur-unsur retro dengan teknologi modern serta menciptakan suara yang segar,Positif
Ritme yang mengundang untuk bersantai memberikan suasana yang nyaman,Positif
Instrumen musik yang bermain-main dengan warna suara menciptakan pengalaman mendengar yang dinamis,Positif
Penyampaian emosi yang subtil menciptakan kesan kehangatan dan keintiman,Positif
Lagu ini membawa pendengar dalam perjalanan emosional yang menarik tanpa kehilangan daya tariknya,Positif
Mengandung pesan yang relevan dengan realitas sosial mengajak pendengar untuk merenung dan bertindak,Positif
Melodi yang unik dengan perpaduan instrumen yang tak terduga menciptakan kejutan yang menyenangkan,Positif
Vokal yang menyentuh hati dan membawa pendengar dalam perjalanan emosional yang mendalam,Positif
Aransemen musik yang cerdas dan menggabungkan unsur-unsur konvensional dengan kejutan eksperimental,Positif
Lirik yang menyampaikan pesan universal dan memberikan kesan mendalam pada pendengar,Positif
Produksi audio yang terukur dan berkualitas tinggi serta meningkatkan tingkat profesionalisme lagu,Positif
Ritme yang mengajak untuk bergerak dengan energi yang kontagius dan menciptakan pengalaman mendengar yang seru,Positif
Instrumen musik yang bermain dengan harmoni menciptakan suasana yang damai dan memikat,Positif
Penyampaian emosi yang tulus serta memberikan lagu keaslian dan daya tariknya,Positif
Lagu ini menjadi penggabungan yang sukses antara nostalgia dan inovasi dan  menghasilkan sesuatu yang akrab namun segar,Positif
Menggunakan ritme yang menarik menciptakan energi yang menyenangkan dan positif,Positif
Instrumen musik yang digunakan dengan cerdas menunjukkan kepiawaian dalam pengaturan musik,Positif
Vokal yang bersih dan teknikal memberikan penampilan yang impresif secara vokal,Positif
Aransemen yang membawa pendengar dalam perjalanan yang dinamis tanpa kehilangan fokus,Positif
Lirik yang bersifat introspektif memberikan kedalaman pada pengalaman mendengar,Positif
Produksi audio yang berhasil menggabungkan elemen-elemen elektronik dan organik dan menciptakan suara yang kaya dan modern,Positif
Ritme yang variatif menciptakan dinamika yang menarik dan menghibur,Positif
Instrumen musik yang saling melengkapi menciptakan paduan yang menyenangkan didengar,Positif
Penyampaian emosi yang kuat dan autentik memberikan kesan mendalam pada pendengar,Positif
Lagu ini membawa nuansa eksperimental yang segar menciptakan keunikan dalam genre,Positif
Menggunakan pesan yang menyentuh dan universal memberikan kelegaan dan semangat,Positif
Melodi yang memikat dan atmosferik menciptakan suasana yang terasa magis,Positif
Vokal yang penuh karakter dan menggoda menambah warna pada lagu ini,Positif
Aransemen yang menciptakan ketegangan dan rilis menciptakan pengalaman mendengar yang menarik,Positif
Lirik yang menggambarkan cerita yang menarik menciptakan narasi yang kuat,Positif
Produksi audio yang menciptakan kedalaman dan dimensi meningkatkan kualitas keseluruhan,Positif
Ritme yang menggoda untuk menarik memanjakan telinga saya,Positif
Nada yang sangat buruk membuat telinga saya sakit,Negatif
Genre rock tidak bisa dinikmati!,Negatif
Lagu dengan tempo yang sangat cepat kurang dinikmati masyarakat,Negatif
Musik dangdut kurang masuk di telinga para remaja,Negatif
